catalogNumber,Species,Genus,Subfamily,Family,Sex,Collection
UCSB_IZC00041511_L,Agapostemon texanus,Agapostemon,Halictinae,Halictidae,Female,UCSB
UCSB_IZC00039879_L,Agapostemon texanus,Agapostemon,Halictinae,Halictidae,Female,UCSB
UCSB_IZC00042465_L,Agapostemon texanus,Agapostemon,Halictinae,Halictidae,Female,UCSB
UCSB_IZC00012454_L,Agapostemon texanus,Agapostemon,Halictinae,Halictidae,Female,UCSB
UCSB_IZC00041836_L,Agapostemon texanus,Agapostemon,Halictinae,Halictidae,Female,UCSB
UCSB_IZC00041462_L,Agapostemon texanus,Agapostemon,Halictinae,Halictidae,Female,UCSB
UCSB_IZC00036326_L,Agapostemon texanus,Agapostemon,Halictinae,Halictidae,Female,UCSB
UCSB_IZC00040844_L,Agapostemon texanus,Agapostemon,Halictinae,Halictidae,Female,UCSB
UCSB_IZC00041034_L,Agapostemon texanus,Agapostemon,Halictinae,Halictidae,Female,UCSB
UCSB_IZC00012323_L,Agapostemon texanus,Agapostemon,Halictinae,Halictidae,Female,UCSB
UCSB_IZC00036320_L,Agapostemon texanus,Agapostemon,Halictinae,Halictidae,Female,UCSB
UCSB_IZC00036078_L,Agapostemon texanus,Agapostemon,Halictinae,Halictidae,Female,UCSB
UCSB_IZC00043427_L,Agapostemon texanus,Agapostemon,Halictinae,Halictidae,Female,UCSB
UCSB_IZC00038830_L,Agapostemon texanus,Agapostemon,Halictinae,Halictidae,Female,UCSB
UCSB_IZC00036757_L,Agapostemon texanus,Agapostemon,Halictinae,Halictidae,Female,UCSB
UCSB_IZC00036766_L,Agapostemon texanus,Agapostemon,Halictinae,Halictidae,Female,UCSB
UCSB_IZC00037720_L,Agapostemon texanus,Agapostemon,Halictinae,Halictidae,Female,UCSB
UCSB_IZC00044054_L,Agapostemon texanus,Agapostemon,Halictinae,Halictidae,Female,UCSB
UCSB_IZC00044417_L,Andrena candida,Andrena,Andreninae,Andrenidae,Female,UCSB
UCSB_IZC00044742_L,Andrena candida,Andrena,Andreninae,Andrenidae,Female,UCSB
UCSB_IZC00047089_L,Andrena candida,Andrena,Andreninae,Andrenidae,Female,UCSB
UCSB_IZC00034409_L,Andrena oenotherae,Andrena,Andreninae,Andrenidae,Female,UCSB
UCSB_IZC00043585_L,Andrena oenotherae,Andrena,Andreninae,Andrenidae,Female,UCSB
UCSB_IZC00043591_L,Andrena oenotherae,Andrena,Andreninae,Andrenidae,Female,UCSB
UCSB_IZC00043598_L,Andrena oenotherae,Andrena,Andreninae,Andrenidae,Female,UCSB
UCSB_IZC00014691_L,Andrena principalis,Andrena,Andreninae,Andrenidae,Female,UCSB
UCSB_IZC00014716_L,Andrena principalis,Andrena,Andreninae,Andrenidae,Female,UCSB
UCSB_IZC00015215_L,Andrena principalis,Andrena,Andreninae,Andrenidae,Female,UCSB
UCSB_IZC00043466_L,Anthidium collectum,Anthidium,Megachilinae,Megachilidae,Female,UCSB
UCSB_IZC00030047_L,Anthidium palliventre,Anthidium,Megachilinae,Megachilidae,Female,UCSB
UCSB_IZC00042274_L,Anthidium palliventre,Anthidium,Megachilinae,Megachilidae,Female,UCSB
UCSB_IZC00030533_L,Anthidium palliventre,Anthidium,Megachilinae,Megachilidae,Female,UCSB
UCSB_IZC00043095_L,Anthophora californica,Anthophora,Apinae,Apidae,Female,UCSB
UCSB_IZC00010322_L,Anthophora edwardsii,Anthophora,Apinae,Apidae,Female,UCSB
UCSB_IZC00010379_L,Anthophora edwardsii,Anthophora,Apinae,Apidae,Female,UCSB
UCSB_IZC00037376_L,Anthophora edwardsii,Anthophora,Apinae,Apidae,Female,UCSB
UCSB_IZC00002908_L,Anthophora flavocincta,Anthophora,Apinae,Apidae,Female,UCSB
UCSB_IZC00035539_L,Anthophora flavocincta,Anthophora,Apinae,Apidae,Female,UCSB
UCSB_IZC00036866_L,Apis mellifera,Apis,Apinae,Apidae,Female,UCSB
UCSB_IZC00037043_L,Apis mellifera,Apis,Apinae,Apidae,Female,UCSB
UCSB_IZC00044716_L,Apis mellifera,Apis,Apinae,Apidae,Female,UCSB
UCSB_IZC00036056_L,Apis mellifera,Apis,Apinae,Apidae,Female,UCSB
UCSB_IZC00036441_L,Apis mellifera,Apis,Apinae,Apidae,Female,UCSB
UCSB_IZC00010360_L,Apis mellifera,Apis,Apinae,Apidae,Female,UCSB
UCSB_IZC00016671_L,Apis mellifera,Apis,Apinae,Apidae,Female,UCSB
UCSB_IZC00040988_L,Apis mellifera,Apis,Apinae,Apidae,Female,UCSB
UCSB_IZC00038889_L,Apis mellifera,Apis,Apinae,Apidae,Female,UCSB
UCSB_IZC00038673_L,Apis mellifera,Apis,Apinae,Apidae,Female,UCSB
UCSB_IZC00042543_L,Apis mellifera,Apis,Apinae,Apidae,Female,UCSB
UCSB_IZC00034914_L,Apis mellifera,Apis,Apinae,Apidae,Female,UCSB
UCSB_IZC00030944_L,Apis mellifera,Apis,Apinae,Apidae,Female,UCSB
UCSB_IZC00042691_L,Apis mellifera,Apis,Apinae,Apidae,Female,UCSB
UCSB_IZC00009052_L,Apis mellifera,Apis,Apinae,Apidae,Female,UCSB
UCSB_IZC00042463_L,Apis mellifera,Apis,Apinae,Apidae,Female,UCSB
UCSB_IZC00038891_L,Apis mellifera,Apis,Apinae,Apidae,Female,UCSB
UCSB_IZC00026242_L,Apis mellifera,Apis,Apinae,Apidae,Female,UCSB
UNKNOWN BEE #1_L,Apis mellifera,Apis,Apinae,Apidae,Female,UCSB
UCSB_IZC00042371_L,Apis mellifera,Apis,Apinae,Apidae,Female,UCSB
UCSB_IZC00042293_L,Apis mellifera,Apis,Apinae,Apidae,Female,UCSB
UCSB_IZC00010881_L,Apis mellifera,Apis,Apinae,Apidae,Female,UCSB
UCSB_IZC00037222_L,Apis mellifera,Apis,Apinae,Apidae,Female,UCSB
UCSB_IZC00038548_L,Apis mellifera,Apis,Apinae,Apidae,Female,UCSB
UCSB_IZC00010479_L,Apis mellifera,Apis,Apinae,Apidae,Female,UCSB
UCSB_IZC00010413_L,Apis mellifera,Apis,Apinae,Apidae,Female,UCSB
UCSB_IZC00044443_L,Apis mellifera,Apis,Apinae,Apidae,Female,UCSB
UCSB_IZC00010508_L,Apis mellifera,Apis,Apinae,Apidae,Female,UCSB
UCSB_IZC00036565_L,Apis mellifera,Apis,Apinae,Apidae,Female,UCSB
UCSB_IZC00034449_L,Apis mellifera,Apis,Apinae,Apidae,Female,UCSB
UCSB_IZC00010536_L,Apis mellifera,Apis,Apinae,Apidae,Female,UCSB
UCSB_IZC00042882_L,Apis mellifera,Apis,Apinae,Apidae,Female,UCSB
UCSB_IZC00009007_L,Apis mellifera,Apis,Apinae,Apidae,Female,UCSB
UCSB_IZC00010554_L,Apis mellifera,Apis,Apinae,Apidae,Female,UCSB
UCSB_IZC00010847_L,Apis mellifera,Apis,Apinae,Apidae,Female,UCSB
UCSB_IZC00010507_L,Apis mellifera,Apis,Apinae,Apidae,Female,UCSB
UCSB_IZC00036553_L,Apis mellifera,Apis,Apinae,Apidae,Female,UCSB
UCSB_IZC00010556_L,Apis mellifera,Apis,Apinae,Apidae,Female,UCSB
UCSB_IZC00010537_L,Apis mellifera,Apis,Apinae,Apidae,Female,UCSB
UCSB_IZC00042399_L,Apis mellifera,Apis,Apinae,Apidae,Female,UCSB
UCSB_IZC00042101_L,Apis mellifera,Apis,Apinae,Apidae,Female,UCSB
UCSB_IZC00038669_L,Apis mellifera,Apis,Apinae,Apidae,Female,UCSB
UCSB_IZC00038928_L,Apis mellifera,Apis,Apinae,Apidae,Female,UCSB
UCSB_IZC00038685_L,Apis mellifera,Apis,Apinae,Apidae,Female,UCSB
UCSB_IZC00042093_L,Apis mellifera,Apis,Apinae,Apidae,Female,UCSB
UCSB_IZC00035618_L,Bombus californica,Bombus,Apinae,Apidae,Female,UCSB
UCSB_IZC00042970_L,Bombus californica,Bombus,Apinae,Apidae,Female,UCSB
UCSB_IZC00041667_L,Bombus californicus,Bombus,Apinae,Apidae,Female,UCSB
UCSB_IZC00010460_L,Bombus californicus,Bombus,Apinae,Apidae,Female,UCSB
UCSB_IZC00028371_L,Bombus californicus,Bombus,Apinae,Apidae,Female,UCSB
UCSB_IZC00010431_L,Bombus californicus,Bombus,Apinae,Apidae,Female,UCSB
UCSB_IZC00010425_L,Bombus californicus,Bombus,Apinae,Apidae,Female,UCSB
UCSB_IZC00010546_L,Bombus californicus ,Bombus,Apinae,Apidae,Female,UCSB
UCSB_IZC00035407_L,Bombus californicus ,Bombus,Apinae,Apidae,Female,UCSB
UCSB_IZC00010906_L,Bombus californicus ,Bombus,Apinae,Apidae,Female,UCSB
UCSB_IZC00010478_L,Bombus californicus ,Bombus,Apinae,Apidae,Female,UCSB
UCSB_IZC00035557_L,Bombus melanopygus,Bombus,Apinae,Apidae,Female,UCSB
UCSB_IZC00009100_L,Bombus melanopygus,Bombus,Apinae,Apidae,Female,UCSB
UCSB_IZC00028362_L,Bombus melanopygus,Bombus,Apinae,Apidae,Female,UCSB
UCSB_IZC00009120_L,Bombus melanopygus,Bombus,Apinae,Apidae,Female,UCSB
UCSB_IZC00035505_L,Bombus melanopygus,Bombus,Apinae,Apidae,Female,UCSB
UCSB_IZC00010290_L,Bombus melanopygus,Bombus,Apinae,Apidae,Female,UCSB
UCSB_IZC00035189_L,Bombus melanopygus,Bombus,Apinae,Apidae,Female,UCSB
UCSB_IZC00009072_L,Bombus sonorus,Bombus,Apinae,Apidae,Female,UCSB
UCSB_IZC00009832_L,Bombus sonorus,Bombus,Apinae,Apidae,Female,UCSB
UCSB_IZC00010472_L,Bombus sonorus,Bombus,Apinae,Apidae,Female,UCSB
UCSB_IZC00010527_L,Bombus sonorus,Bombus,Apinae,Apidae,Female,UCSB
UCSB_IZC00009816_L,Bombus sonorus,Bombus,Apinae,Apidae,Female,UCSB
UCSB_IZC00010497_L,Bombus sonorus,Bombus,Apinae,Apidae,Female,UCSB
UCSB_IZC00033071_L,Bombus terricola,Bombus,Apinae,Apidae,Female,UCSB
UCSB_IZC00033495_L,Bombus terricola,Bombus,Apinae,Apidae,Female,UCSB
UCSB_IZC00033143_L,Bombus vagans,Bombus,Apinae,Apidae,Female,UCSB
UCSB_IZC00033066_L,Bombus vagans,Bombus,Apinae,Apidae,Female,UCSB
UCSB_IZC00033507_L,Bombus vagans,Bombus,Apinae,Apidae,Female,UCSB
UCSB_IZC00010404_L,Bombus vosnesenskii,Bombus,Apinae,Apidae,Female,UCSB
UCSB_IZC00035682_L,Bombus vosnesenskii,Bombus,Apinae,Apidae,Female,UCSB
UCSB_IZC00009083_L,Bombus vosnesenskii,Bombus,Apinae,Apidae,Female,UCSB
UCSB_IZC00009801_L,Bombus vosnesenskii,Bombus,Apinae,Apidae,Female,UCSB
UCSB_IZC00040303_L,Bombus vosnesenskii,Bombus,Apinae,Apidae,Female,UCSB
UCSB_IZC00035185_L,Bombus vosnesenskii,Bombus,Apinae,Apidae,Female,UCSB
UCSB_IZC00040406_L,Bombus vosnesenskii,Bombus,Apinae,Apidae,Female,UCSB
UCSB_IZC00035403_L,Bombus vosnesenskii,Bombus,Apinae,Apidae,Female,UCSB
UCSB_IZC00006233_L,Bombus vosnesenskii,Bombus,Apinae,Apidae,Female,UCSB
UCSB_IZC00009080_L,Bombus vosnesenskii,Bombus,Apinae,Apidae,Female,UCSB
UCSB_IZC00009209_L,Bombus vosnesenskii,Bombus,Apinae,Apidae,Female,UCSB
UCSB_IZC00010523_L,Bombus vosnesenskii,Bombus,Apinae,Apidae,Female,UCSB
UCSB_IZC00035577_L,Bombus vosnesenskii,Bombus,Apinae,Apidae,Female,UCSB
UCSB_IZC00035453_L,Bombus vosnesenskii,Bombus,Apinae,Apidae,Female,UCSB
UCSB_IZC00035610_L,Bombus vosnesenskii,Bombus,Apinae,Apidae,Female,UCSB
UCSB_IZC00037197_L,Bombus vosnesenskii,Bombus,Apinae,Apidae,Female,UCSB
UCSB_IZC00035519_L,Bombus vosnesenskii,Bombus,Apinae,Apidae,Female,UCSB
UCSB_IZC00041336_L,Bombus vosnesenskii,Bombus,Apinae,Apidae,Female,UCSB
UCSB_IZC00006181_L,Bombus vosnesenskii,Bombus,Apinae,Apidae,Female,UCSB
UCSB_IZC00035538_L,Bombus vosnesenskii,Bombus,Apinae,Apidae,Female,UCSB
UCSB_IZC00042004_L,Bombus vosnesenskii,Bombus,Apinae,Apidae,Female,UCSB
UCSB_IZC00042313_L,Bombus vosnesenskii,Bombus,Apinae,Apidae,Female,UCSB
UCSB_IZC00035441_L,Bombus vosnesenskii,Bombus,Apinae,Apidae,Female,UCSB
UCSB_IZC00000964_L,Bombus vosnesenskii,Bombus,Apinae,Apidae,Female,UCSB
UCSB_IZC00010403_L,Bombus vosnesenskii,Bombus,Apinae,Apidae,Female,UCSB
UCSB_IZC00009089_L,Bombus vosnesenskii,Bombus,Apinae,Apidae,Female,UCSB
UCSB_IZC00009102_L,Bombus vosnesenskii,Bombus,Apinae,Apidae,Female,UCSB
UCSB_IZC00039622_L,Bombus vosnesenskii,Bombus,Apinae,Apidae,Female,UCSB
UCSB_IZC00035534_L,Bombus vosnesenskii,Bombus,Apinae,Apidae,Female,UCSB
UCSB_IZC00036776_L,Bombus vosnesenskii,Bombus,Apinae,Apidae,Female,UCSB
UCSB_IZC00035286_L,Bombus vosnesenskii,Bombus,Apinae,Apidae,Female,UCSB
UCSB_IZC00005855_L,Ceratina punctagena,Ceratina,Xylocopinae,Apidae,Female,UCSB
UCSB_IZC00039458_L,Diadasia australis,Diadasia,Apinae,Apidae,Female,UCSB
UCSB_IZC00037255_L,Diadasia bituberculata,Diadasia,Apinae,Apidae,Female,UCSB
UCSB_IZC00041916_L,Diadasia bituberculata,Diadasia,Apinae,Apidae,Female,UCSB
UCSB_IZC00040929_L,Diadasia bituberculata,Diadasia,Apinae,Apidae,Female,UCSB
UCSB_IZC00037347_L,Diadasia bituberculata,Diadasia,Apinae,Apidae,Female,UCSB
UCSB_IZC00037492_L,Diadasia bituberculata,Diadasia,Apinae,Apidae,Female,UCSB
UCSB_IZC00030264_L,Diadasia bituberculata,Diadasia,Apinae,Apidae,Female,UCSB
UCSB_IZC00038762_L,Diadasia bituberculata,Diadasia,Apinae,Apidae,Female,UCSB
UCSB_IZC00038796_L,Diadasia bituberculata,Diadasia,Apinae,Apidae,Female,UCSB
UCSB_IZC00031299_L,Diadasia bituberculata,Diadasia,Apinae,Apidae,Female,UCSB
UCSB_IZC00037171_L,Diadasia bituberculata,Diadasia,Apinae,Apidae,Female,UCSB
UCSB_IZC00039393_L,Diadasia diminuta,Diadasia,Apinae,Apidae,Female,UCSB
UCSB_IZC00028366_L,Diadasia diminuta,Diadasia,Apinae,Apidae,Female,UCSB
UCSB_IZC00040450_L,Diadasia enavata,Diadasia,Apinae,Apidae,Female,UCSB
UCSB_IZC00037047_L,Diadasia laticauda,Diadasia,Apinae,Apidae,Female,UCSB
UCSB_IZC00008065_L,Diadasia nigrifrons,Diadasia,Apinae,Apidae,Female,UCSB
UCSB_IZC00035494_L,Diadasia nitidifrons,Diadasia,Apinae,Apidae,Female,UCSB
UCSB_IZC00042236_L,Diadasia ochracea,Diadasia,Apinae,Apidae,Female,UCSB
UCSB_IZC00041663_L,Diadasia ochracea,Diadasia,Apinae,Apidae,Female,UCSB
UCSB_IZC00042237_L,Diadasia ochracea,Diadasia,Apinae,Apidae,Female,UCSB
UCSB_IZC00041662_L,Diadasia ochracea,Diadasia,Apinae,Apidae,Female,UCSB
UCSB_IZC00041664_L,Diadasia ochracea,Diadasia,Apinae,Apidae,Female,UCSB
UCSB_IZC00041668_L,Diadasia ochracea,Diadasia,Apinae,Apidae,Female,UCSB
UCSB_IZC00037050_L,Diadasia ochracea,Diadasia,Apinae,Apidae,Female,UCSB
UCSB_IZC00038642_L,Diadasia ochracea,Diadasia,Apinae,Apidae,Female,UCSB
UCSB_IZC00039260_L,Diadasia ochracea,Diadasia,Apinae,Apidae,Female,UCSB
UCSB_IZC00037041_L,Diadasia ochracea,Diadasia,Apinae,Apidae,Female,UCSB
UCSB_IZC00039444_L,Diadasia rinconis,Diadasia,Apinae,Apidae,Female,UCSB
UCSB_IZC00047190_L,Diadasia rinconis,Diadasia,Apinae,Apidae,Female,UCSB
UCSB_IZC00046054_L,Diadasia rinconis,Diadasia,Apinae,Apidae,Female,UCSB
UCSB_IZC00039736_L,Diadasia rinconis,Diadasia,Apinae,Apidae,Female,UCSB
UCSB_IZC00037320_L,Diadasia rinconis,Diadasia,Apinae,Apidae,Female,UCSB
UCSB_IZC00042912_L,Diadasia rinconis,Diadasia,Apinae,Apidae,Female,UCSB
UCSB_IZC00040321_L,Diadasia rinconis,Diadasia,Apinae,Apidae,Female,UCSB
UCSB_IZC00039575_L,Diadasia rinconis,Diadasia,Apinae,Apidae,Female,UCSB
UCSB_IZC00039429_L,Diadasia rinconis,Diadasia,Apinae,Apidae,Female,UCSB
UCSB_IZC00030337_L,Eucera actuosa,Eucera,Apinae,Apidae,Female,UCSB
UCSB_IZC00043584_L,Eucera actuosa,Eucera,Apinae,Apidae,Female,UCSB
UCSB_IZC00009829_L,Eucera actuosa,Eucera,Apinae,Apidae,Female,UCSB
UCSB_IZC00047217_L,Eucera actuosa,Eucera,Apinae,Apidae,Female,UCSB
UCSB_IZC00043471_L,Eucera actuosa,Eucera,Apinae,Apidae,Female,UCSB
UCSB_IZC00047281_L,Eucera actuosa,Eucera,Apinae,Apidae,Female,UCSB
UCSB_IZC00047330_L,Eucera actuosa,Eucera,Apinae,Apidae,Female,UCSB
UCSB_IZC00047396_L,Eucera actuosa,Eucera,Apinae,Apidae,Female,UCSB
UCSB_IZC00047293_L,Eucera actuosa,Eucera,Apinae,Apidae,Female,UCSB
UCSB_IZC00046915_L,Eucera actuosa,Eucera,Apinae,Apidae,Female,UCSB
UCSB_IZC00043205_L,Eucera actuosa,Eucera,Apinae,Apidae,Female,UCSB
UCSB_IZC00047317_L,Eucera actuosa,Eucera,Apinae,Apidae,Female,UCSB
UCSB_IZC00010268_L,Eucera edwardsii,Eucera,Apinae,Apidae,Female,UCSB
UCSB_IZC00009231_L,Eucera edwardsii,Eucera,Apinae,Apidae,Female,UCSB
UCSB_IZC00039565_L,Eucera frater albopilosa,Eucera,Apinae,Apidae,Female,UCSB
UCSB_IZC00040849_L,Eucera frater albopilosa,Eucera,Apinae,Apidae,Female,UCSB
UCSB_IZC00010287_L,Habropoda depressa,Habropoda,Apinae,Apidae,Female,UCSB
UCSB_IZC00041391_L,Habropoda depressa,Habropoda,Apinae,Apidae,Female,UCSB
UCSB_IZC00047053_L,Habropoda depressa,Habropoda,Apinae,Apidae,Female,UCSB
UCSB_IZC00033743_L,Habropoda depressa,Habropoda,Apinae,Apidae,Female,UCSB
UCSB_IZC00009790_L,Habropoda depressa,Habropoda,Apinae,Apidae,Female,UCSB
UCSB_IZC00009200_L,Habropoda depressa,Habropoda,Apinae,Apidae,Female,UCSB
UCSB_IZC00028354_L,Habropoda depressa,Habropoda,Apinae,Apidae,Female,UCSB
UCSB_IZC00014915_L,Habropoda depressa,Habropoda,Apinae,Apidae,Female,UCSB
UCSB_IZC00010408_L,Habropoda tristissima,Habropoda,Apinae,Apidae,Female,
UCSB_IZC00009181_L,Habropoda tristissima,Habropoda,Apinae,Apidae,Female,UCSB
UCSB_IZC00040311_L,Halictus farinosus,Halictus,Halictinae,Halictidae,Female,UCSB
UCSB_IZC00046903_L,Halictus farinosus,Halictus,Halictinae,Halictidae,Female,UCSB
UCSB_IZC00030348_L,Halictus farinosus,Halictus,Halictinae,Halictidae,Female,UCSB
UCSB_IZC00030122_L,Halictus farinosus,Halictus,Halictinae,Halictidae,Female,UCSB
UCSB_IZC00034799_L,Halictus farinosus,Halictus,Halictinae,Halictidae,Female,UCSB
UCSB_IZC00042935_L,Halictus farinosus,Halictus,Halictinae,Halictidae,Female,UCSB
UCSB_IZC00034847_L,Halictus farinosus,Halictus,Halictinae,Halictidae,Female,UCSB
UCSB_IZC00047210_L,Halictus farinosus,Halictus,Halictinae,Halictidae,Female,UCSB
UCSB_IZC00036773_L,Halictus farinosus,Halictus,Halictinae,Halictidae,Female,UCSB
UCSB_IZC00040983_L,Halictus ligatus,Halictus,Halictinae,Halictidae,Female,UCSB
UCSB_IZC00012013_L,Halictus rubicundus,Halictus,Halictinae,Halictidae,Female,UCSB
UCSB_IZC00044274_L,Halictus rubicundus,Halictus,Halictinae,Halictidae,Female,UCSB
UCSB_IZC00028160_L,Lasioglossum kincaidii,Lasioglossum,Halictinae,Halictidae,Female,UCSB
UCSB_IZC00031221_L,Lasioglossum kincaidii,Lasioglossum,Halictinae,Halictidae,Female,UCSB
UCSB_IZC00035540_L,Lasioglossum kincaidii,Lasioglossum,Halictinae,Halictidae,Female,UCSB
UCSB_IZC00035525_L,Lasioglossum kincaidii,Lasioglossum,Halictinae,Halictidae,Female,UCSB
UCSB_IZC00019703_L,Lasioglossum kincaidii,Lasioglossum,Halictinae,Halictidae,Female,UCSB
UCSB_IZC00035476_L,Lasioglossum pacificum,Lasioglossum,Halictinae,Halictidae,Female,UCSB
UCSB_IZC00037433_L,Lasioglossum titusi,Lasioglossum,Halictinae,Halictidae,Female,UCSB
UCSB_IZC00028504_L,Megachile anograe,Megachile,Megachilinae,Megachilidae,Female,UCSB
UCSB_IZC00040381_L,Megachile fidelis,Megachile,Megachilinae,Megachilidae,Female,UCSB
UCSB_IZC00035449_L,Megachile onobrychidis,Megachile,Megachilinae,Megachilidae,Female,UCSB
UCSB_IZC00028529_L,Megachile perihirta,Megachile,Megachilinae,Megachilidae,Female,UCSB
UCSB_IZC00035274_L,Megachile rotundata,Megachile,Megachilinae,Megachilidae,Female,UCSB
UCSB_IZC00010811_L,Megachile texans,Megachile,Megachilinae,Megachilidae,Female,UCSB
UCSB_IZC00042277_L,Melissodes lustrus,Melissodes,Apinae,Apidae,Female,UCSB
UCSB_IZC00038577_L,Melissodes tepida timberlakei,Melissodes,Apinae,Apidae,Female,UCSB
UCSB_IZC00042343_L,Melissodes tepida timberlakei,Melissodes,Apinae,Apidae,Female,UCSB
UCSB_IZC00034459_L,Melissodes tepida timberlakei,Melissodes,Apinae,Apidae,Female,UCSB
UCSB_IZC00030378_L,Melissodes tepida timberlakei,Melissodes,Apinae,Apidae,Female,UCSB
UCSB_IZC00009986_L,Osmia aglaia,Osmia,Megachilinae,Megachilidae,Female,UCSB
EMEC939046_L,Osmia atrocyanea,Osmia,Megachilinae,Megachilidae,Female,EMEC
UCSB_IZC00014690_L,Osmia atrocyanea,Osmia,Megachilinae,Megachilidae,Female,UCSB
UCSB_IZC00028380_L,Osmia brevis,Osmia,Megachilinae,Megachilidae,Female,UCSB
UCSB_IZC00043780_L,Osmia californica,Osmia,Megachilinae,Megachilidae,Female,UCSB
UCSB_IZC00034841_L,Osmia clarescens,Osmia,Megachilinae,Megachilidae,Female,UCSB
UCSB_IZC00034755_L,Osmia clarescens ,Osmia,Megachilinae,Megachilidae,Female,UCSB
UCSB_IZC00035027_L,Osmia clarescens ,Osmia,Megachilinae,Megachilidae,Female,UCSB
UCSB_IZC00041383_L,Osmia clarescens ,Osmia,Megachilinae,Megachilidae,Female,UCSB
UCSB_IZC00034387_L,Osmia coloradensis,Osmia,Megachilinae,Megachilidae,Female,UCSB
UCSB_IZC00043402_L,Osmia coloradensis,Osmia,Megachilinae,Megachilidae,Female,UCSB
UCSB_IZC00047052_L,Osmia coloradensis,Osmia,Megachilinae,Megachilidae,Female,UCSB
UCSB_IZC00028506_L,Osmia coloradensis,Osmia,Megachilinae,Megachilidae,Female,UCSB
UCSB_IZC00034496_L,Osmia coloradensis,Osmia,Megachilinae,Megachilidae,Female,UCSB
UCSB_IZC00009975_L,Osmia laeta,Osmia,Megachilinae,Megachilidae,Female,UCSB
UCSB_IZC00009991_L,Osmia laeta,Osmia,Megachilinae,Megachilidae,Female,UCSB
UCSB_IZC00010010_L,Osmia laeta,Osmia,Megachilinae,Megachilidae,Female,UCSB
UCSB_IZC00028288_L,Osmia laeta,Osmia,Megachilinae,Megachilidae,Female,UCSB
UCSB_IZC00034485_L,Osmia montana,Osmia,Megachilinae,Megachilidae,Female,UCSB
UCSB_IZC00028375_L,Osmia montana,Osmia,Megachilinae,Megachilidae,Female,UCSB
UCSB_IZC00009970_L,Osmia nemoris,Osmia,Megachilinae,Megachilidae,Female,UCSB
UCSB_IZC00043741_L,Osmia nemoris,Osmia,Megachilinae,Megachilidae,Female,UCSB
UCSB_IZC00047359_L,Osmia nemoris,Osmia,Megachilinae,Megachilidae,Female,UCSB
UCSB_IZC00047335_L,Osmia nemoris,Osmia,Megachilinae,Megachilidae,Female,UCSB
UCSB_IZC00046991_L,Osmia nemoris,Osmia,Megachilinae,Megachilidae,Female,UCSB
UCSB_IZC00046952_L,Osmia nemoris,Osmia,Megachilinae,Megachilidae,Female,UCSB
UCSB_IZC00047222_L,Osmia nemoris,Osmia,Megachilinae,Megachilidae,Female,UCSB
UCSB_IZC00047206_L,Osmia nemoris,Osmia,Megachilinae,Megachilidae,Female,UCSB
UCSB_IZC00047388_L,Osmia nemoris,Osmia,Megachilinae,Megachilidae,Female,UCSB
UCSB_IZC00047372_L,Osmia nemoris,Osmia,Megachilinae,Megachilidae,Female,UCSB
UCSB_IZC00036467_L,Osmia nemoris,Osmia,Megachilinae,Megachilidae,Female,UCSB
UCSB_IZC00043418_L,Osmia tristella,Osmia,Megachilinae,Megachilidae,Female,UCSB
UCSB_IZC00043203_L,Osmia tristella,Osmia,Megachilinae,Megachilidae,Female,UCSB
UCSB_IZC00035942_L,Peponapis pruinosa,Peponapis,Apinae,Apidae,Female,UCSB
UCSB_IZC00037026_L,Peponapis pruinosa,Peponapis,Apinae,Apidae,Female,UCSB
UCSB_IZC00041479_L,Peponapis pruinosa,Peponapis,Apinae,Apidae,Female,UCSB
UCSB_IZC00040925_L,Peponapis pruinosa,Peponapis,Apinae,Apidae,Female,UCSB
UCSB_IZC00038682_L,Peponapis pruinosa,Peponapis,Apinae,Apidae,Female,UCSB
UCSB_IZC00036128_L,Peponapis pruinosa,Peponapis,Apinae,Apidae,Female,UCSB
UCSB_IZC00043012_L,Peponapis pruinosa,Peponapis,Apinae,Apidae,Female,UCSB
UCSB_IZC00035979_L,Peponapis pruinosa,Peponapis,Apinae,Apidae,Female,UCSB
UCSB_IZC00037067_L,Peponapis pruinosa,Peponapis,Apinae,Apidae,Female,UCSB
UCSB_IZC00040884_L,Peponapis pruinosa,Peponapis,Apinae,Apidae,Female,UCSB
UCSB_IZC00035381_L,Peponapis pruinosa,Peponapis,Apinae,Apidae,Female,UCSB
UCSB_IZC00035452_L,Xylocopa tabaniformis orpifex,Xylocopa,Xylocopinae,Apidae,Female,UCSB
UCSB_IZC00015039_L,Xylocopa tabaniformis orpifex,Xylocopa,Xylocopinae,Apidae,Female,UCSB
UCSB_IZC00014677_L,Xylocopa tabaniformis orpifex,Xylocopa,Xylocopinae,Apidae,Female,UCSB
UCSB_IZC00010896_L,Xylocopa tabaniformis orpifex,Xylocopa,Xylocopinae,Apidae,Female,UCSB
UCSB_IZC00012237_L,Xylocopa tabaniformis orpifex,Xylocopa,Xylocopinae,Apidae,Female,UCSB
UCSB_IZC00012219_L,Xylocopa tabaniformis orpifex,Xylocopa,Xylocopinae,Apidae,Female,UCSB
UCSB_IZC00012216_L,Xylocopa tabaniformis orpifex,Xylocopa,Xylocopinae,Apidae,Female,UCSB
UCSB_IZC00012184_L,Xylocopa tabaniformis orpifex,Xylocopa,Xylocopinae,Apidae,Female,UCSB
UCSB_IZC00014785_L,Xylocopa tabaniformis orpifex,Xylocopa,Xylocopinae,Apidae,Female,UCSB
UCSB_IZC00010301_L,Xylocopa tabaniformis orpifex,Xylocopa,Xylocopinae,Apidae,Female,UCSB
UCSB_IZC00012193_L,Xylocopa tabaniformis orpifex,Xylocopa,Xylocopinae,Apidae,Female,UCSB
UCSB_IZC00010315_L,Xylocopa tabaniformis orpifex,Xylocopa,Xylocopinae,Apidae,Female,UCSB
UCSB_IZC00010266_L,Xylocopa tabaniformis orpifex,Xylocopa,Xylocopinae,Apidae,Female,UCSB
UCSB_IZC00014978_L,Xylocopa tabaniformis orpifex,Xylocopa,Xylocopinae,Apidae,Female,UCSB
UCSB_IZC00014787_L,Xylocopa tabaniformis orpifex,Xylocopa,Xylocopinae,Apidae,Female,UCSB
UCSB_IZC00012213_L,Xylocopa tabaniformis orpifex,Xylocopa,Xylocopinae,Apidae,Female,UCSB
UCSB_IZC00014665_L,Xylocopa tabaniformis orpifex,Xylocopa,Xylocopinae,Apidae,Female,UCSB
UCSB_IZC00012240_L,Xylocopa tabaniformis orpifex,Xylocopa,Xylocopinae,Apidae,Female,UCSB
UCSB_IZC00012195_L,Xylocopa tabaniformis orpifex,Xylocopa,Xylocopinae,Apidae,Female,UCSB
UCSB_IZC00012225_L,Xylocopa tabaniformis orpifex,Xylocopa,Xylocopinae,Apidae,Female,UCSB
UCSB_IZC00012228_L,Xylocopa tabaniformis orpifex,Xylocopa,Xylocopinae,Apidae,Female,UCSB
UCSB_IZC00012232_L,Xylocopa tabaniformis orpifex,Xylocopa,Xylocopinae,Apidae,Female,UCSB
UCSB_IZC00041511_R,Agapostemon texanus,Agapostemon,Halictinae,Halictidae,Female,UCSB
UCSB_IZC00039879_R,Agapostemon texanus,Agapostemon,Halictinae,Halictidae,Female,UCSB
UCSB_IZC00042465_R,Agapostemon texanus,Agapostemon,Halictinae,Halictidae,Female,UCSB
UCSB_IZC00012454_R,Agapostemon texanus,Agapostemon,Halictinae,Halictidae,Female,UCSB
UCSB_IZC00041836_R,Agapostemon texanus,Agapostemon,Halictinae,Halictidae,Female,UCSB
UCSB_IZC00041462_R,Agapostemon texanus,Agapostemon,Halictinae,Halictidae,Female,UCSB
UCSB_IZC00036326_R,Agapostemon texanus,Agapostemon,Halictinae,Halictidae,Female,UCSB
UCSB_IZC00040844_R,Agapostemon texanus,Agapostemon,Halictinae,Halictidae,Female,UCSB
UCSB_IZC00041034_R,Agapostemon texanus,Agapostemon,Halictinae,Halictidae,Female,UCSB
UCSB_IZC00012323_R,Agapostemon texanus,Agapostemon,Halictinae,Halictidae,Female,UCSB
UCSB_IZC00036320_R,Agapostemon texanus,Agapostemon,Halictinae,Halictidae,Female,UCSB
UCSB_IZC00036078_R,Agapostemon texanus,Agapostemon,Halictinae,Halictidae,Female,UCSB
UCSB_IZC00043427_R,Agapostemon texanus,Agapostemon,Halictinae,Halictidae,Female,UCSB
UCSB_IZC00038830_R,Agapostemon texanus,Agapostemon,Halictinae,Halictidae,Female,UCSB
UCSB_IZC00036757_R,Agapostemon texanus,Agapostemon,Halictinae,Halictidae,Female,UCSB
UCSB_IZC00036766_R,Agapostemon texanus,Agapostemon,Halictinae,Halictidae,Female,UCSB
UCSB_IZC00037720_R,Agapostemon texanus,Agapostemon,Halictinae,Halictidae,Female,UCSB
UCSB_IZC00044054_R,Agapostemon texanus,Agapostemon,Halictinae,Halictidae,Female,UCSB
UCSB_IZC00044417_R,Andrena candida,Andrena,Andreninae,Andrenidae,Female,UCSB
UCSB_IZC00044742_R,Andrena candida,Andrena,Andreninae,Andrenidae,Female,UCSB
UCSB_IZC00047089_R,Andrena candida,Andrena,Andreninae,Andrenidae,Female,UCSB
UCSB_IZC00034409_R,Andrena oenotherae,Andrena,Andreninae,Andrenidae,Female,UCSB
UCSB_IZC00043585_R,Andrena oenotherae,Andrena,Andreninae,Andrenidae,Female,UCSB
UCSB_IZC00043591_R,Andrena oenotherae,Andrena,Andreninae,Andrenidae,Female,UCSB
UCSB_IZC00043598_R,Andrena oenotherae,Andrena,Andreninae,Andrenidae,Female,UCSB
UCSB_IZC00014691_R,Andrena principalis,Andrena,Andreninae,Andrenidae,Female,UCSB
UCSB_IZC00014716_R,Andrena principalis,Andrena,Andreninae,Andrenidae,Female,UCSB
UCSB_IZC00015215_R,Andrena principalis,Andrena,Andreninae,Andrenidae,Female,UCSB
UCSB_IZC00043466_R,Anthidium collectum,Anthidium,Megachilinae,Megachilidae,Female,UCSB
UCSB_IZC00030047_R,Anthidium palliventre,Anthidium,Megachilinae,Megachilidae,Female,UCSB
UCSB_IZC00042274_R,Anthidium palliventre,Anthidium,Megachilinae,Megachilidae,Female,UCSB
UCSB_IZC00030533_R,Anthidium palliventre,Anthidium,Megachilinae,Megachilidae,Female,UCSB
UCSB_IZC00043095_R,Anthophora californica,Anthophora,Apinae,Apidae,Female,UCSB
UCSB_IZC00010322_R,Anthophora edwardsii,Anthophora,Apinae,Apidae,Female,UCSB
UCSB_IZC00010379_R,Anthophora edwardsii,Anthophora,Apinae,Apidae,Female,UCSB
UCSB_IZC00037376_R,Anthophora edwardsii,Anthophora,Apinae,Apidae,Female,UCSB
UCSB_IZC00002908_R,Anthophora flavocincta,Anthophora,Apinae,Apidae,Female,UCSB
UCSB_IZC00035539_R,Anthophora flavocincta,Anthophora,Apinae,Apidae,Female,UCSB
UCSB_IZC00036866_R,Apis mellifera,Apis,Apinae,Apidae,Female,UCSB
UCSB_IZC00037043_R,Apis mellifera,Apis,Apinae,Apidae,Female,UCSB
UCSB_IZC00044716_R,Apis mellifera,Apis,Apinae,Apidae,Female,UCSB
UCSB_IZC00036056_R,Apis mellifera,Apis,Apinae,Apidae,Female,UCSB
UCSB_IZC00036441_R,Apis mellifera,Apis,Apinae,Apidae,Female,UCSB
UCSB_IZC00010360_R,Apis mellifera,Apis,Apinae,Apidae,Female,UCSB
UCSB_IZC00016671_R,Apis mellifera,Apis,Apinae,Apidae,Female,UCSB
UCSB_IZC00040988_R,Apis mellifera,Apis,Apinae,Apidae,Female,UCSB
UCSB_IZC00038889_R,Apis mellifera,Apis,Apinae,Apidae,Female,UCSB
UCSB_IZC00038673_R,Apis mellifera,Apis,Apinae,Apidae,Female,UCSB
UCSB_IZC00042543_R,Apis mellifera,Apis,Apinae,Apidae,Female,UCSB
UCSB_IZC00034914_R,Apis mellifera,Apis,Apinae,Apidae,Female,UCSB
UCSB_IZC00030944_R,Apis mellifera,Apis,Apinae,Apidae,Female,UCSB
UCSB_IZC00042691_R,Apis mellifera,Apis,Apinae,Apidae,Female,UCSB
UCSB_IZC00009052_R,Apis mellifera,Apis,Apinae,Apidae,Female,UCSB
UCSB_IZC00042463_R,Apis mellifera,Apis,Apinae,Apidae,Female,UCSB
UCSB_IZC00038891_R,Apis mellifera,Apis,Apinae,Apidae,Female,UCSB
UCSB_IZC00026242_R,Apis mellifera,Apis,Apinae,Apidae,Female,UCSB
UNKNOWN BEE #1_R,Apis mellifera,Apis,Apinae,Apidae,Female,UCSB
UCSB_IZC00042371_R,Apis mellifera,Apis,Apinae,Apidae,Female,UCSB
UCSB_IZC00042293_R,Apis mellifera,Apis,Apinae,Apidae,Female,UCSB
UCSB_IZC00010881_R,Apis mellifera,Apis,Apinae,Apidae,Female,UCSB
UCSB_IZC00037222_R,Apis mellifera,Apis,Apinae,Apidae,Female,UCSB
UCSB_IZC00038548_R,Apis mellifera,Apis,Apinae,Apidae,Female,UCSB
UCSB_IZC00010479_R,Apis mellifera,Apis,Apinae,Apidae,Female,UCSB
UCSB_IZC00010413_R,Apis mellifera,Apis,Apinae,Apidae,Female,UCSB
UCSB_IZC00044443_R,Apis mellifera,Apis,Apinae,Apidae,Female,UCSB
UCSB_IZC00010508_R,Apis mellifera,Apis,Apinae,Apidae,Female,UCSB
UCSB_IZC00036565_R,Apis mellifera,Apis,Apinae,Apidae,Female,UCSB
UCSB_IZC00034449_R,Apis mellifera,Apis,Apinae,Apidae,Female,UCSB
UCSB_IZC00010536_R,Apis mellifera,Apis,Apinae,Apidae,Female,UCSB
UCSB_IZC00042882_R,Apis mellifera,Apis,Apinae,Apidae,Female,UCSB
UCSB_IZC00009007_R,Apis mellifera,Apis,Apinae,Apidae,Female,UCSB
UCSB_IZC00010554_R,Apis mellifera,Apis,Apinae,Apidae,Female,UCSB
UCSB_IZC00010847_R,Apis mellifera,Apis,Apinae,Apidae,Female,UCSB
UCSB_IZC00010507_R,Apis mellifera,Apis,Apinae,Apidae,Female,UCSB
UCSB_IZC00036553_R,Apis mellifera,Apis,Apinae,Apidae,Female,UCSB
UCSB_IZC00010556_R,Apis mellifera,Apis,Apinae,Apidae,Female,UCSB
UCSB_IZC00010537_R,Apis mellifera,Apis,Apinae,Apidae,Female,UCSB
UCSB_IZC00042399_R,Apis mellifera,Apis,Apinae,Apidae,Female,UCSB
UCSB_IZC00042101_R,Apis mellifera,Apis,Apinae,Apidae,Female,UCSB
UCSB_IZC00038669_R,Apis mellifera,Apis,Apinae,Apidae,Female,UCSB
UCSB_IZC00038928_R,Apis mellifera,Apis,Apinae,Apidae,Female,UCSB
UCSB_IZC00038685_R,Apis mellifera,Apis,Apinae,Apidae,Female,UCSB
UCSB_IZC00042093_R,Apis mellifera,Apis,Apinae,Apidae,Female,UCSB
UCSB_IZC00035618_R,Bombus californica,Bombus,Apinae,Apidae,Female,UCSB
UCSB_IZC00042970_R,Bombus californica,Bombus,Apinae,Apidae,Female,UCSB
UCSB_IZC00041667_R,Bombus californicus,Bombus,Apinae,Apidae,Female,UCSB
UCSB_IZC00010460_R,Bombus californicus,Bombus,Apinae,Apidae,Female,UCSB
UCSB_IZC00028371_R,Bombus californicus,Bombus,Apinae,Apidae,Female,UCSB
UCSB_IZC00010431_R,Bombus californicus,Bombus,Apinae,Apidae,Female,UCSB
UCSB_IZC00010425_R,Bombus californicus,Bombus,Apinae,Apidae,Female,UCSB
UCSB_IZC00010546_R,Bombus californicus ,Bombus,Apinae,Apidae,Female,UCSB
UCSB_IZC00035407_R,Bombus californicus ,Bombus,Apinae,Apidae,Female,UCSB
UCSB_IZC00010906_R,Bombus californicus ,Bombus,Apinae,Apidae,Female,UCSB
UCSB_IZC00010478_R,Bombus californicus ,Bombus,Apinae,Apidae,Female,UCSB
UCSB_IZC00035557_R,Bombus melanopygus,Bombus,Apinae,Apidae,Female,UCSB
UCSB_IZC00009100_R,Bombus melanopygus,Bombus,Apinae,Apidae,Female,UCSB
UCSB_IZC00028362_R,Bombus melanopygus,Bombus,Apinae,Apidae,Female,UCSB
UCSB_IZC00009120_R,Bombus melanopygus,Bombus,Apinae,Apidae,Female,UCSB
UCSB_IZC00035505_R,Bombus melanopygus,Bombus,Apinae,Apidae,Female,UCSB
UCSB_IZC00010290_R,Bombus melanopygus,Bombus,Apinae,Apidae,Female,UCSB
UCSB_IZC00035189_R,Bombus melanopygus,Bombus,Apinae,Apidae,Female,UCSB
UCSB_IZC00009072_R,Bombus sonorus,Bombus,Apinae,Apidae,Female,UCSB
UCSB_IZC00009832_R,Bombus sonorus,Bombus,Apinae,Apidae,Female,UCSB
UCSB_IZC00010472_R,Bombus sonorus,Bombus,Apinae,Apidae,Female,UCSB
UCSB_IZC00010527_R,Bombus sonorus,Bombus,Apinae,Apidae,Female,UCSB
UCSB_IZC00009816_R,Bombus sonorus,Bombus,Apinae,Apidae,Female,UCSB
UCSB_IZC00010497_R,Bombus sonorus,Bombus,Apinae,Apidae,Female,UCSB
UCSB_IZC00033071_R,Bombus terricola,Bombus,Apinae,Apidae,Female,UCSB
UCSB_IZC00033495_R,Bombus terricola,Bombus,Apinae,Apidae,Female,UCSB
UCSB_IZC00033143_R,Bombus vagans,Bombus,Apinae,Apidae,Female,UCSB
UCSB_IZC00033066_R,Bombus vagans,Bombus,Apinae,Apidae,Female,UCSB
UCSB_IZC00033507_R,Bombus vagans,Bombus,Apinae,Apidae,Female,UCSB
UCSB_IZC00010404_R,Bombus vosnesenskii,Bombus,Apinae,Apidae,Female,UCSB
UCSB_IZC00035682_R,Bombus vosnesenskii,Bombus,Apinae,Apidae,Female,UCSB
UCSB_IZC00009083_R,Bombus vosnesenskii,Bombus,Apinae,Apidae,Female,UCSB
UCSB_IZC00009801_R,Bombus vosnesenskii,Bombus,Apinae,Apidae,Female,UCSB
UCSB_IZC00040303_R,Bombus vosnesenskii,Bombus,Apinae,Apidae,Female,UCSB
UCSB_IZC00035185_R,Bombus vosnesenskii,Bombus,Apinae,Apidae,Female,UCSB
UCSB_IZC00040406_R,Bombus vosnesenskii,Bombus,Apinae,Apidae,Female,UCSB
UCSB_IZC00035403_R,Bombus vosnesenskii,Bombus,Apinae,Apidae,Female,UCSB
UCSB_IZC00006233_R,Bombus vosnesenskii,Bombus,Apinae,Apidae,Female,UCSB
UCSB_IZC00009080_R,Bombus vosnesenskii,Bombus,Apinae,Apidae,Female,UCSB
UCSB_IZC00009209_R,Bombus vosnesenskii,Bombus,Apinae,Apidae,Female,UCSB
UCSB_IZC00010523_R,Bombus vosnesenskii,Bombus,Apinae,Apidae,Female,UCSB
UCSB_IZC00035577_R,Bombus vosnesenskii,Bombus,Apinae,Apidae,Female,UCSB
UCSB_IZC00035453_R,Bombus vosnesenskii,Bombus,Apinae,Apidae,Female,UCSB
UCSB_IZC00035610_R,Bombus vosnesenskii,Bombus,Apinae,Apidae,Female,UCSB
UCSB_IZC00037197_R,Bombus vosnesenskii,Bombus,Apinae,Apidae,Female,UCSB
UCSB_IZC00035519_R,Bombus vosnesenskii,Bombus,Apinae,Apidae,Female,UCSB
UCSB_IZC00041336_R,Bombus vosnesenskii,Bombus,Apinae,Apidae,Female,UCSB
UCSB_IZC00006181_R,Bombus vosnesenskii,Bombus,Apinae,Apidae,Female,UCSB
UCSB_IZC00035538_R,Bombus vosnesenskii,Bombus,Apinae,Apidae,Female,UCSB
UCSB_IZC00042004_R,Bombus vosnesenskii,Bombus,Apinae,Apidae,Female,UCSB
UCSB_IZC00042313_R,Bombus vosnesenskii,Bombus,Apinae,Apidae,Female,UCSB
UCSB_IZC00035441_R,Bombus vosnesenskii,Bombus,Apinae,Apidae,Female,UCSB
UCSB_IZC00000964_R,Bombus vosnesenskii,Bombus,Apinae,Apidae,Female,UCSB
UCSB_IZC00010403_R,Bombus vosnesenskii,Bombus,Apinae,Apidae,Female,UCSB
UCSB_IZC00009089_R,Bombus vosnesenskii,Bombus,Apinae,Apidae,Female,UCSB
UCSB_IZC00009102_R,Bombus vosnesenskii,Bombus,Apinae,Apidae,Female,UCSB
UCSB_IZC00039622_R,Bombus vosnesenskii,Bombus,Apinae,Apidae,Female,UCSB
UCSB_IZC00035534_R,Bombus vosnesenskii,Bombus,Apinae,Apidae,Female,UCSB
UCSB_IZC00036776_R,Bombus vosnesenskii,Bombus,Apinae,Apidae,Female,UCSB
UCSB_IZC00035286_R,Bombus vosnesenskii,Bombus,Apinae,Apidae,Female,UCSB
UCSB_IZC00005855_R,Ceratina punctagena,Ceratina,Xylocopinae,Apidae,Female,UCSB
UCSB_IZC00039458_R,Diadasia australis,Diadasia,Apinae,Apidae,Female,UCSB
UCSB_IZC00037255_R,Diadasia bituberculata,Diadasia,Apinae,Apidae,Female,UCSB
UCSB_IZC00041916_R,Diadasia bituberculata,Diadasia,Apinae,Apidae,Female,UCSB
UCSB_IZC00040929_R,Diadasia bituberculata,Diadasia,Apinae,Apidae,Female,UCSB
UCSB_IZC00037347_R,Diadasia bituberculata,Diadasia,Apinae,Apidae,Female,UCSB
UCSB_IZC00037492_R,Diadasia bituberculata,Diadasia,Apinae,Apidae,Female,UCSB
UCSB_IZC00030264_R,Diadasia bituberculata,Diadasia,Apinae,Apidae,Female,UCSB
UCSB_IZC00038762_R,Diadasia bituberculata,Diadasia,Apinae,Apidae,Female,UCSB
UCSB_IZC00038796_R,Diadasia bituberculata,Diadasia,Apinae,Apidae,Female,UCSB
UCSB_IZC00031299_R,Diadasia bituberculata,Diadasia,Apinae,Apidae,Female,UCSB
UCSB_IZC00037171_R,Diadasia bituberculata,Diadasia,Apinae,Apidae,Female,UCSB
UCSB_IZC00039393_R,Diadasia diminuta,Diadasia,Apinae,Apidae,Female,UCSB
UCSB_IZC00028366_R,Diadasia diminuta,Diadasia,Apinae,Apidae,Female,UCSB
UCSB_IZC00040450_R,Diadasia enavata,Diadasia,Apinae,Apidae,Female,UCSB
UCSB_IZC00037047_R,Diadasia laticauda,Diadasia,Apinae,Apidae,Female,UCSB
UCSB_IZC00008065_R,Diadasia nigrifrons,Diadasia,Apinae,Apidae,Female,UCSB
UCSB_IZC00035494_R,Diadasia nitidifrons,Diadasia,Apinae,Apidae,Female,UCSB
UCSB_IZC00042236_R,Diadasia ochracea,Diadasia,Apinae,Apidae,Female,UCSB
UCSB_IZC00041663_R,Diadasia ochracea,Diadasia,Apinae,Apidae,Female,UCSB
UCSB_IZC00042237_R,Diadasia ochracea,Diadasia,Apinae,Apidae,Female,UCSB
UCSB_IZC00041662_R,Diadasia ochracea,Diadasia,Apinae,Apidae,Female,UCSB
UCSB_IZC00041664_R,Diadasia ochracea,Diadasia,Apinae,Apidae,Female,UCSB
UCSB_IZC00041668_R,Diadasia ochracea,Diadasia,Apinae,Apidae,Female,UCSB
UCSB_IZC00037050_R,Diadasia ochracea,Diadasia,Apinae,Apidae,Female,UCSB
UCSB_IZC00038642_R,Diadasia ochracea,Diadasia,Apinae,Apidae,Female,UCSB
UCSB_IZC00039260_R,Diadasia ochracea,Diadasia,Apinae,Apidae,Female,UCSB
UCSB_IZC00037041_R,Diadasia ochracea,Diadasia,Apinae,Apidae,Female,UCSB
UCSB_IZC00039444_R,Diadasia rinconis,Diadasia,Apinae,Apidae,Female,UCSB
UCSB_IZC00047190_R,Diadasia rinconis,Diadasia,Apinae,Apidae,Female,UCSB
UCSB_IZC00046054_R,Diadasia rinconis,Diadasia,Apinae,Apidae,Female,UCSB
UCSB_IZC00039736_R,Diadasia rinconis,Diadasia,Apinae,Apidae,Female,UCSB
UCSB_IZC00037320_R,Diadasia rinconis,Diadasia,Apinae,Apidae,Female,UCSB
UCSB_IZC00042912_R,Diadasia rinconis,Diadasia,Apinae,Apidae,Female,UCSB
UCSB_IZC00040321_R,Diadasia rinconis,Diadasia,Apinae,Apidae,Female,UCSB
UCSB_IZC00039575_R,Diadasia rinconis,Diadasia,Apinae,Apidae,Female,UCSB
UCSB_IZC00039429_R,Diadasia rinconis,Diadasia,Apinae,Apidae,Female,UCSB
UCSB_IZC00030337_R,Eucera actuosa,Eucera,Apinae,Apidae,Female,UCSB
UCSB_IZC00043584_R,Eucera actuosa,Eucera,Apinae,Apidae,Female,UCSB
UCSB_IZC00009829_R,Eucera actuosa,Eucera,Apinae,Apidae,Female,UCSB
UCSB_IZC00047217_R,Eucera actuosa,Eucera,Apinae,Apidae,Female,UCSB
UCSB_IZC00043471_R,Eucera actuosa,Eucera,Apinae,Apidae,Female,UCSB
UCSB_IZC00047281_R,Eucera actuosa,Eucera,Apinae,Apidae,Female,UCSB
UCSB_IZC00047330_R,Eucera actuosa,Eucera,Apinae,Apidae,Female,UCSB
UCSB_IZC00047396_R,Eucera actuosa,Eucera,Apinae,Apidae,Female,UCSB
UCSB_IZC00047293_R,Eucera actuosa,Eucera,Apinae,Apidae,Female,UCSB
UCSB_IZC00046915_R,Eucera actuosa,Eucera,Apinae,Apidae,Female,UCSB
UCSB_IZC00043205_R,Eucera actuosa,Eucera,Apinae,Apidae,Female,UCSB
UCSB_IZC00047317_R,Eucera actuosa,Eucera,Apinae,Apidae,Female,UCSB
UCSB_IZC00010268_R,Eucera edwardsii,Eucera,Apinae,Apidae,Female,UCSB
UCSB_IZC00009231_R,Eucera edwardsii,Eucera,Apinae,Apidae,Female,UCSB
UCSB_IZC00039565_R,Eucera frater albopilosa,Eucera,Apinae,Apidae,Female,UCSB
UCSB_IZC00040849_R,Eucera frater albopilosa,Eucera,Apinae,Apidae,Female,UCSB
UCSB_IZC00010287_R,Habropoda depressa,Habropoda,Apinae,Apidae,Female,UCSB
UCSB_IZC00041391_R,Habropoda depressa,Habropoda,Apinae,Apidae,Female,UCSB
UCSB_IZC00047053_R,Habropoda depressa,Habropoda,Apinae,Apidae,Female,UCSB
UCSB_IZC00033743_R,Habropoda depressa,Habropoda,Apinae,Apidae,Female,UCSB
UCSB_IZC00009790_R,Habropoda depressa,Habropoda,Apinae,Apidae,Female,UCSB
UCSB_IZC00009200_R,Habropoda depressa,Habropoda,Apinae,Apidae,Female,UCSB
UCSB_IZC00028354_R,Habropoda depressa,Habropoda,Apinae,Apidae,Female,UCSB
UCSB_IZC00014915_R,Habropoda depressa,Habropoda,Apinae,Apidae,Female,UCSB
UCSB_IZC00010408_R,Habropoda tristissima,Habropoda,Apinae,Apidae,Female,
UCSB_IZC00009181_R,Habropoda tristissima,Habropoda,Apinae,Apidae,Female,UCSB
UCSB_IZC00040311_R,Halictus farinosus,Halictus,Halictinae,Halictidae,Female,UCSB
UCSB_IZC00046903_R,Halictus farinosus,Halictus,Halictinae,Halictidae,Female,UCSB
UCSB_IZC00030348_R,Halictus farinosus,Halictus,Halictinae,Halictidae,Female,UCSB
UCSB_IZC00030122_R,Halictus farinosus,Halictus,Halictinae,Halictidae,Female,UCSB
UCSB_IZC00034799_R,Halictus farinosus,Halictus,Halictinae,Halictidae,Female,UCSB
UCSB_IZC00042935_R,Halictus farinosus,Halictus,Halictinae,Halictidae,Female,UCSB
UCSB_IZC00034847_R,Halictus farinosus,Halictus,Halictinae,Halictidae,Female,UCSB
UCSB_IZC00047210_R,Halictus farinosus,Halictus,Halictinae,Halictidae,Female,UCSB
UCSB_IZC00036773_R,Halictus farinosus,Halictus,Halictinae,Halictidae,Female,UCSB
UCSB_IZC00040983_R,Halictus ligatus,Halictus,Halictinae,Halictidae,Female,UCSB
UCSB_IZC00012013_R,Halictus rubicundus,Halictus,Halictinae,Halictidae,Female,UCSB
UCSB_IZC00044274_R,Halictus rubicundus,Halictus,Halictinae,Halictidae,Female,UCSB
UCSB_IZC00028160_R,Lasioglossum kincaidii,Lasioglossum,Halictinae,Halictidae,Female,UCSB
UCSB_IZC00031221_R,Lasioglossum kincaidii,Lasioglossum,Halictinae,Halictidae,Female,UCSB
UCSB_IZC00035540_R,Lasioglossum kincaidii,Lasioglossum,Halictinae,Halictidae,Female,UCSB
UCSB_IZC00035525_R,Lasioglossum kincaidii,Lasioglossum,Halictinae,Halictidae,Female,UCSB
UCSB_IZC00019703_R,Lasioglossum kincaidii,Lasioglossum,Halictinae,Halictidae,Female,UCSB
UCSB_IZC00035476_R,Lasioglossum pacificum,Lasioglossum,Halictinae,Halictidae,Female,UCSB
UCSB_IZC00037433_R,Lasioglossum titusi,Lasioglossum,Halictinae,Halictidae,Female,UCSB
UCSB_IZC00028504_R,Megachile anograe,Megachile,Megachilinae,Megachilidae,Female,UCSB
UCSB_IZC00040381_R,Megachile fidelis,Megachile,Megachilinae,Megachilidae,Female,UCSB
UCSB_IZC00035449_R,Megachile onobrychidis,Megachile,Megachilinae,Megachilidae,Female,UCSB
UCSB_IZC00028529_R,Megachile perihirta,Megachile,Megachilinae,Megachilidae,Female,UCSB
UCSB_IZC00035274_R,Megachile rotundata,Megachile,Megachilinae,Megachilidae,Female,UCSB
UCSB_IZC00010811_R,Megachile texans,Megachile,Megachilinae,Megachilidae,Female,UCSB
UCSB_IZC00042277_R,Melissodes lustrus,Melissodes,Apinae,Apidae,Female,UCSB
UCSB_IZC00038577_R,Melissodes tepida timberlakei,Melissodes,Apinae,Apidae,Female,UCSB
UCSB_IZC00042343_R,Melissodes tepida timberlakei,Melissodes,Apinae,Apidae,Female,UCSB
UCSB_IZC00034459_R,Melissodes tepida timberlakei,Melissodes,Apinae,Apidae,Female,UCSB
UCSB_IZC00030378_R,Melissodes tepida timberlakei,Melissodes,Apinae,Apidae,Female,UCSB
UCSB_IZC00009986_R,Osmia aglaia,Osmia,Megachilinae,Megachilidae,Female,UCSB
EMEC939046_R,Osmia atrocyanea,Osmia,Megachilinae,Megachilidae,Female,EMEC
UCSB_IZC00014690_R,Osmia atrocyanea,Osmia,Megachilinae,Megachilidae,Female,UCSB
UCSB_IZC00028380_R,Osmia brevis,Osmia,Megachilinae,Megachilidae,Female,UCSB
UCSB_IZC00043780_R,Osmia californica,Osmia,Megachilinae,Megachilidae,Female,UCSB
UCSB_IZC00034841_R,Osmia clarescens,Osmia,Megachilinae,Megachilidae,Female,UCSB
UCSB_IZC00034755_R,Osmia clarescens ,Osmia,Megachilinae,Megachilidae,Female,UCSB
UCSB_IZC00035027_R,Osmia clarescens ,Osmia,Megachilinae,Megachilidae,Female,UCSB
UCSB_IZC00041383_R,Osmia clarescens ,Osmia,Megachilinae,Megachilidae,Female,UCSB
UCSB_IZC00034387_R,Osmia coloradensis,Osmia,Megachilinae,Megachilidae,Female,UCSB
UCSB_IZC00043402_R,Osmia coloradensis,Osmia,Megachilinae,Megachilidae,Female,UCSB
UCSB_IZC00047052_R,Osmia coloradensis,Osmia,Megachilinae,Megachilidae,Female,UCSB
UCSB_IZC00028506_R,Osmia coloradensis,Osmia,Megachilinae,Megachilidae,Female,UCSB
UCSB_IZC00034496_R,Osmia coloradensis,Osmia,Megachilinae,Megachilidae,Female,UCSB
UCSB_IZC00009975_R,Osmia laeta,Osmia,Megachilinae,Megachilidae,Female,UCSB
UCSB_IZC00009991_R,Osmia laeta,Osmia,Megachilinae,Megachilidae,Female,UCSB
UCSB_IZC00010010_R,Osmia laeta,Osmia,Megachilinae,Megachilidae,Female,UCSB
UCSB_IZC00028288_R,Osmia laeta,Osmia,Megachilinae,Megachilidae,Female,UCSB
UCSB_IZC00034485_R,Osmia montana,Osmia,Megachilinae,Megachilidae,Female,UCSB
UCSB_IZC00028375_R,Osmia montana,Osmia,Megachilinae,Megachilidae,Female,UCSB
UCSB_IZC00009970_R,Osmia nemoris,Osmia,Megachilinae,Megachilidae,Female,UCSB
UCSB_IZC00043741_R,Osmia nemoris,Osmia,Megachilinae,Megachilidae,Female,UCSB
UCSB_IZC00047359_R,Osmia nemoris,Osmia,Megachilinae,Megachilidae,Female,UCSB
UCSB_IZC00047335_R,Osmia nemoris,Osmia,Megachilinae,Megachilidae,Female,UCSB
UCSB_IZC00046991_R,Osmia nemoris,Osmia,Megachilinae,Megachilidae,Female,UCSB
UCSB_IZC00046952_R,Osmia nemoris,Osmia,Megachilinae,Megachilidae,Female,UCSB
UCSB_IZC00047222_R,Osmia nemoris,Osmia,Megachilinae,Megachilidae,Female,UCSB
UCSB_IZC00047206_R,Osmia nemoris,Osmia,Megachilinae,Megachilidae,Female,UCSB
UCSB_IZC00047388_R,Osmia nemoris,Osmia,Megachilinae,Megachilidae,Female,UCSB
UCSB_IZC00047372_R,Osmia nemoris,Osmia,Megachilinae,Megachilidae,Female,UCSB
UCSB_IZC00036467_R,Osmia nemoris,Osmia,Megachilinae,Megachilidae,Female,UCSB
UCSB_IZC00043418_R,Osmia tristella,Osmia,Megachilinae,Megachilidae,Female,UCSB
UCSB_IZC00043203_R,Osmia tristella,Osmia,Megachilinae,Megachilidae,Female,UCSB
UCSB_IZC00035942_R,Peponapis pruinosa,Peponapis,Apinae,Apidae,Female,UCSB
UCSB_IZC00037026_R,Peponapis pruinosa,Peponapis,Apinae,Apidae,Female,UCSB
UCSB_IZC00041479_R,Peponapis pruinosa,Peponapis,Apinae,Apidae,Female,UCSB
UCSB_IZC00040925_R,Peponapis pruinosa,Peponapis,Apinae,Apidae,Female,UCSB
UCSB_IZC00038682_R,Peponapis pruinosa,Peponapis,Apinae,Apidae,Female,UCSB
UCSB_IZC00036128_R,Peponapis pruinosa,Peponapis,Apinae,Apidae,Female,UCSB
UCSB_IZC00043012_R,Peponapis pruinosa,Peponapis,Apinae,Apidae,Female,UCSB
UCSB_IZC00035979_R,Peponapis pruinosa,Peponapis,Apinae,Apidae,Female,UCSB
UCSB_IZC00037067_R,Peponapis pruinosa,Peponapis,Apinae,Apidae,Female,UCSB
UCSB_IZC00040884_R,Peponapis pruinosa,Peponapis,Apinae,Apidae,Female,UCSB
UCSB_IZC00035381_R,Peponapis pruinosa,Peponapis,Apinae,Apidae,Female,UCSB
UCSB_IZC00035452_R,Xylocopa tabaniformis orpifex,Xylocopa,Xylocopinae,Apidae,Female,UCSB
UCSB_IZC00015039_R,Xylocopa tabaniformis orpifex,Xylocopa,Xylocopinae,Apidae,Female,UCSB
UCSB_IZC00014677_R,Xylocopa tabaniformis orpifex,Xylocopa,Xylocopinae,Apidae,Female,UCSB
UCSB_IZC00010896_R,Xylocopa tabaniformis orpifex,Xylocopa,Xylocopinae,Apidae,Female,UCSB
UCSB_IZC00012237_R,Xylocopa tabaniformis orpifex,Xylocopa,Xylocopinae,Apidae,Female,UCSB
UCSB_IZC00012219_R,Xylocopa tabaniformis orpifex,Xylocopa,Xylocopinae,Apidae,Female,UCSB
UCSB_IZC00012216_R,Xylocopa tabaniformis orpifex,Xylocopa,Xylocopinae,Apidae,Female,UCSB
UCSB_IZC00012184_R,Xylocopa tabaniformis orpifex,Xylocopa,Xylocopinae,Apidae,Female,UCSB
UCSB_IZC00014785_R,Xylocopa tabaniformis orpifex,Xylocopa,Xylocopinae,Apidae,Female,UCSB
UCSB_IZC00010301_R,Xylocopa tabaniformis orpifex,Xylocopa,Xylocopinae,Apidae,Female,UCSB
UCSB_IZC00012193_R,Xylocopa tabaniformis orpifex,Xylocopa,Xylocopinae,Apidae,Female,UCSB
UCSB_IZC00010315_R,Xylocopa tabaniformis orpifex,Xylocopa,Xylocopinae,Apidae,Female,UCSB
UCSB_IZC00010266_R,Xylocopa tabaniformis orpifex,Xylocopa,Xylocopinae,Apidae,Female,UCSB
UCSB_IZC00014978_R,Xylocopa tabaniformis orpifex,Xylocopa,Xylocopinae,Apidae,Female,UCSB
UCSB_IZC00014787_R,Xylocopa tabaniformis orpifex,Xylocopa,Xylocopinae,Apidae,Female,UCSB
UCSB_IZC00012213_R,Xylocopa tabaniformis orpifex,Xylocopa,Xylocopinae,Apidae,Female,UCSB
UCSB_IZC00014665_R,Xylocopa tabaniformis orpifex,Xylocopa,Xylocopinae,Apidae,Female,UCSB
UCSB_IZC00012240_R,Xylocopa tabaniformis orpifex,Xylocopa,Xylocopinae,Apidae,Female,UCSB
UCSB_IZC00012195_R,Xylocopa tabaniformis orpifex,Xylocopa,Xylocopinae,Apidae,Female,UCSB
UCSB_IZC00012225_R,Xylocopa tabaniformis orpifex,Xylocopa,Xylocopinae,Apidae,Female,UCSB
UCSB_IZC00012228_R,Xylocopa tabaniformis orpifex,Xylocopa,Xylocopinae,Apidae,Female,UCSB
UCSB_IZC00012232_R,Xylocopa tabaniformis orpifex,Xylocopa,Xylocopinae,Apidae,Female,UCSB
